{
    "CH4": {
        "Formula": "CH4",
        "Name": "Methane",
        "dH": -74.8,
        "a": -0.0462,
        "b": 1.13e-05,
        "c": 1.319e-08,
        "d": -6.647e-12,
        "e": -489.1,
        "f": 14.11,
        "g": -0.2234
    },
    "C2H6": {
        "Formula": "C2H6",
        "Name": "Ethane",
        "dH": -84.7,
        "a": -0.09834,
        "b": 6.414e-05,
        "c": -9.311e-09,
        "d": -3.553e-12,
        "e": -978.2,
        "f": 27.17,
        "g": -0.4535
    },
    "C2H4": {
        "Formula": "C2H4",
        "Name": "Ethylene",
        "dH": 52.3,
        "a": -0.07281,
        "b": 5.802e-05,
        "c": -1.861e-08,
        "d": 5.648e-13,
        "e": -978.2,
        "f": 20.32,
        "g": -0.4076
    },
    "C2H2": {
        "Formula": "C2H2",
        "Name": "Acetylene",
        "dH": 226.7,
        "a": -0.02269,
        "b": 2.228e-05,
        "c": -1.208e-08,
        "d": 1.618e-12,
        "e": -978.2,
        "f": 8.373,
        "g": -0.2044
    },
    "C6H6": {
        "Formula": "C6H6",
        "Name": "Benzene",
        "dH": 82.9,
        "a": -0.1824,
        "b": 0.0001903,
        "c": -8.67e-08,
        "d": 1.208e-11,
        "e": -2935.0,
        "f": 49.5,
        "g": -0.9787
    },
    "CH3OH": {
        "Formula": "CH3OH",
        "Name": "Methanol",
        "dH": -201.2,
        "a": -0.05834,
        "b": 2.07e-05,
        "c": 1.491e-08,
        "d": -9.614e-12,
        "e": -489.1,
        "f": 16.88,
        "g": -0.2467
    },
    "C2H5OH": {
        "Formula": "C2H5OH",
        "Name": "Ehanol",
        "dH": -218.5,
        "a": -0.1088,
        "b": 8.252e-05,
        "c": -1.706e-08,
        "d": -4.056e-12,
        "e": -978.2,
        "f": 28.86,
        "g": -0.5189
    },
    "C6H5OH": {
        "Formula": "C6H5OH",
        "Name": "Phenol",
        "dH": -96.4,
        "a": -0.1983,
        "b": 0.0002522,
        "c": -1.499e-07,
        "d": 3.375e-11,
        "e": -2935.0,
        "f": 50.25,
        "g": -1.0
    },
    "CO": {
        "Formula": "CO",
        "Name": "Carbon monoxide",
        "dH": -110.5,
        "a": 0.005619,
        "b": -1.19e-05,
        "c": 6.383e-09,
        "d": -1.846e-12,
        "e": -489.1,
        "f": 0.8684,
        "g": -0.06131
    },
    "CO2": {
        "Formula": "CO2",
        "Name": "Carbon dioxide",
        "dH": -393.5,
        "a": -0.01949,
        "b": 3.122e-05,
        "c": -2.448e-08,
        "d": 6.946e-12,
        "e": -489.1,
        "f": 5.27,
        "g": -0.1207
    },
    "H2O": {
        "Formula": "H2O",
        "Name": "Water",
        "dH": -241.8,
        "a": -0.00895,
        "b": -3.672e-06,
        "c": 5.209e-09,
        "d": -1.478e-12,
        "e": 0.0,
        "f": 2.868,
        "g": -0.01722
    },
    "NH3": {
        "Formula": "NH3",
        "Name": "Ammonia",
        "dH": -45.9,
        "a": -28.96,
        "b": 8.345e-06,
        "c": 8.124e-09,
        "d": -4.366e-12,
        "e": 0.0,
        "f": 7.711,
        "g": -0.08876
    },
    "H2S": {
        "Formula": "H2S",
        "Name": "Hydrogen sulfide",
        "dH": -84.9,
        "a": -0.01315,
        "b": -4.225e-06,
        "c": 1.27e-08,
        "d": -4.849e-12,
        "e": 0.0,
        "f": 3.999,
        "g": -0.05023
    },
    "NO2": {
        "Formula": "NO2",
        "Name": "Nitric oxide",
        "dH": 90.4,
        "a": -0.000285,
        "b": 2.921e-06,
        "c": -4.124e-09,
        "d": 1.744e-12,
        "e": 0.0,
        "f": -0.07917,
        "g": -0.01307
    },
    "SO2": {
        "Formula": "SO2",
        "Name": "Sulfur dioxide",
        "dH": -361.7,
        "a": -0.0222,
        "b": 3.316e-05,
        "c": -2.234e-08,
        "d": 5.979e-12,
        "e": 0.0,
        "f": 4.216,
        "g": -0.06026
    },
    "O2": {
        "Formula": "O2",
        "Name": "Molecular oxygen",
        "dH": 0.0,
        "a": 0.0,
        "b": 0.0,
        "c": 0.0,
        "d": 0.0,
        "e": 0.0,
        "f": 0.0,
        "g": 0.0
    },
    "N2": {
        "Formula": "N2",
        "Name": "Molecular nitrogen",
        "dH": 0.0,
        "a": 0.0,
        "b": 0.0,
        "c": 0.0,
        "d": 0.0,
        "e": 0.0,
        "f": 0.0,
        "g": 0.0
    },
    "H2": {
        "Formula": "H2",
        "Name": "Molecular hydrogen",
        "dH": 0.0,
        "a": 0.0,
        "b": 0.0,
        "c": 0.0,
        "d": 0.0,
        "e": 0.0,
        "f": 0.0,
        "g": 0.0
    },
    "C": {
        "Formula": "C",
        "Name": "char",
        "dH": 0.0,
        "a": 0.0,
        "b": 0.0,
        "c": 0.0,
        "d": 0.0,
        "e": 0.0,
        "f": 0.0,
        "g": 0.0
    }
}